post_id,post_slug
53246,""
12898,the-weirdest-methods-of-contraception
13466,everything-you-need-to-know-about-the-vaginal-ring
14322,premenstrual-dysphoric-disorder
14014,""
16040,""
16048,future-of-contraception
16049,emergency-iud
16073,female-sterilisation
16041,so-you-want-to-talk-about-male-sex-toys
16902,acne-and-combined-oral-contraceptives
16737,can-i-get-pregnant-on-my-period
17167,""
17990,the-lowdowns-condom-giveaway
18065,concerning-contraception
18702,what-birth-control-is-best-for-me
18854,period-pain-but-no-period
19242,when-to-start-birth-control
27070,joinus-community-and-growth-lead
27100,were-hiring-a-social-and-content-lead-at-the-lowdown
27128,were-looking-for-a-medical-advisor-at-the-lowdown
27176,were-hiring-a-cto-at-the-lowdown
29267,menopause-and-contraception-what-are-my-options
29370,were-looking-for-a-freelance-ux-designer-at-the-lowdown
32583,test
37220,the-lowdown-would-love-your-feedback
41268,were-hiring-a-german-speaking-social-content-lead-at-the-lowdown
41561,example-blog-post-test
41248,were-hiring-a-head-of-growth-at-the-lowdown
42939,were-hiring-an-seo-manager-at-the-lowdown
45743,were-hiring-a-socials-and-content-lead-at-the-lowdown
45907,can-you-take-yasmin-while-breastfeeding
45557,blog-template-2023
48479,dr-nikki-ramskill
48444,were-hiring-a-social-and-content-manager-at-the-lowdown
47284,iud-removal-at-home
39699,abortion-experience-survey
49936,survey-nhs-hpv-awareness
49954,were-hiring-a-designer-at-the-lowdown
50656,""
13150,everything-you-need-to-know-about-the-female-condom
13616,a-z-of-contraception
13689,everything-you-need-to-know-about-the-hormonal-coil
13761,birth-control-pioneer-annie-besant-and-why-we-should-stan
13564,everything-you-need-to-know-about-the-male-condom
14042,birth-control-pioneer-dr-sarah-e-hill-and-why-we-should-stan
13919,how-coronavirus-is-wreaking-havoc-in-the-world-of-sex-fertility-and-contraception
16047,male-vasectomy-everything-you-need-to-know
17327,emergency-contraception
17736,non-hormonal-birth-control
18023,vasectomy-side-effects-reviews
16982,attitudes-towards-womens-health
18423,natural-contraception
18453,side-effects-of-the-pill
49903,study-postnatal-depression
19662,getting-used-to-new-contraception-is-the-3-month-rule-real
19665,what-is-synthetic-progestin-the-ingredient-in-your-hormonal-contraception
19667,an-introduction-to-your-hormones-and-menstrual-cycle
19669,what-is-natural-progesterone
12985,everything-you-need-to-know-about-ballerine-iub
13146,first-moon-period-parties
13369,my-contraceptive-journey-from-implant-to-eating-disorder
13584,my-contraceptive-journey-how-the-wrong-pill-affected-everything
13832,my-contraceptive-journey-its-not-you-its-m-y-implant
13918,eco-friendly-period-products
14164,my-contraceptive-journey-from-a-miscarriage-to-an-emergency-cystectomy-to-living-with-pcos
14235,everything-you-need-to-know-about-the-combined-pill
14292,birth-control-pioneer-mary-kenner-and-why-we-should-stan
14359,my-pill-journey
14440,the-contraceptive-implant-everything-you-need-to-know-the-lowdown
16066,my-contraceptive-journey-no-this-pill-isnt-the-same-as-the-one-before-2
14595,contraceptive-injection
16042,the-future-of-male-contraceptives
16044,lichen-sclerosus
16045,tesh-contraceptive-story
16043,the-contraceptive-patch-everything-you-need-to-know
16046,my-contraceptive-journey-one-injection-please
16400,anything-but-the-pull-out
16540,intrauterine-device-iud-everything-you-need-to-know
17131,everything-you-need-to-know-progesterone-only-pill
17181,mirena-coil-removal
17245,the-nuvaring
17266,getting-the-snip
17705,pregnant-from-precum
17930,contraceptive-implant-fitting-removal
18326,female-sterilization-fact-vs-fiction
18466,how-do-i-delay-my-period
18646,microgynon-right-pill-for-you
18680,common-contraceptive-implant-side-effects
18794,can-you-get-pregnant-on-the-pill
18926,jaydess-v-mirena-coil
19109,antibiotics-and-the-pill
19130,spotting-on-birth-control
19188,best-contraception-for-pcos
19671,blood-clots-and-contraception-what-are-the-risks
19896,combined-pill-vs-mini-pill
19747,the-hormonal-coil-all-your-questions-answered
20915,my-experience-of-the-injection-and-fertility
19958,our-most-popular-contraceptives-ius-v-combination-pill
23294,androgens
26456,pregnancy-and-the-covid-vaccine
26607,gestodene
26610,levonorgestrel
26613,norethisterone
26616,nomegestrol-acetate
26619,norethisterone-enanthate
26622,norgestimate
26625,drospirenone
26628,medroxyprogesterone-acetate
26631,desogestrel
26634,etonogestrel
26637,norelgestromin
34368,how-the-current-healthcare-system-is-failing-women
34349,the-lowdown-on-pcos
34362,the-lowdown-on-fertility
34380,the-uk-governments-womens-health-strategy-the-lowdowns-response
34390,changing-contraception
27308,covid-19-vaccine-fertility-periods
27416,migraines-and-the-pill
27565,ius-iud-coil-fitting
27619,the-lowdown-on-the-covid-19-vaccine-and-fertility-the-menstrual-cycle-and-pregnancy
27919,removing-iud-pandemic
27923,contraceptive-pill-hair-loss
27929,ovulation-bleeding
27973,the-progestogen-only-pill-is-being-made-available-over-the-counter-your-questions-answered
34330,cervical-ectropion
28071,contraception-fertility
28115,endometriosis-contraception
28189,ethinylestradiol
28193,mestranol
28198,estradiol-valerate
28201,estradiol-hemihydrate
28225,asking-gp-contraception
28234,can-you-feel-the-coil-during-sex
28270,im-pregnant-now-what
28275,ovulation-pain
28278,excess-hair-growth
28281,contraception-heavy-periods
28284,check-coil-threads
28286,contraception-after-birth
28288,endo-contraceptives-emily-heath
34341,why-we-need-a-blood-pressure-reading-when-ordering-the-combined-pill
29269,smoking-weed-the-pill
29272,sti-explained
29275,covid-19-vaccine-and-the-impact-on-fertility-awareness
29304,the-lowdown-bags-800000-pre-seed-investment
26683,taking-the-pill-back-to-back
29397,difference-between-pms-pmdd
29414,breastfeeding-contraception
29494,mefenamic-acid-for-period-pain
29506,contraception-sex-drive
32979,georgia-gallant
33002,melanie-davis-hall
33366,mary-hargreaves
33375,hatty-wilmoth
34227,clinical-effectiveness-explained
34233,hormonal-contraceptives-explained
34531,alice-pelton
34541,angela-wipperman
34555,fran-yarlett
34562,erin-damico
34568,laura-keyes
34574,maddie-braidwood
34580,natalie-healey
34586,personal-story
34592,sophie-king
34598,eppie-shepherd
34604,emma-scott
34616,intimate-washes
34622,sore-after-sex-vagina-hurts
35209,the-lowdown
35370,becky-mawson
35401,the-lowdown-on-endometriosis
35413,the-lowdown-on-periods-2
35536,when-to-seek-medical-review-of-pill-or-patch
35650,a-first-5s-foray-into-femtech
19114,how-long-does-it-take-for-birth-control-to-work
35926,acne-returning-coming-off-the-pill
35961,the-lowdown-on-hpv
36001,how-to-inject-sayana-press-at-home
36647,ibs-and-the-pill
36680,crohns-and-my-mirena-coil
36697,kimberley-malone-crossley
36805,world-contraception-day-2021-what-we-have-learnt
36855,hpv-your-questions-answered
13315,everything-you-need-to-know-about-natural-cycles
14497,period-poo-the-ins-and-the-outs
38005,li-sa-choo
38042,hayley-johnson
38040,menopause-and-contraception
38470,a-complete-guide-to-non-hormonal-contraception
38665,the-lowdown-on-covid-19-vaccine-periods-fertility
38755,do-i-need-to-give-my-body-a-break-from-contraception
38784,how-to-switch-your-contraceptive
38822,pay-it-forward-waitlist
39359,is-your-contraception-making-you-tired
39575,the-lowdown-on-covid-19-vaccine-periods-fertility-your-questions-answered
17218,progesterone-only-pill-brands
39986,milly-evans
39993,flu-like-symptoms-before-period
40253,the-lowdown-on-sex-libido-orgasms
40281,brenna-weaver
40638,is-cotton-good-for-your-vagina
40669,share-your-coil-fitting-experience-survey
40716,uti-when-pregnant
40777,early-symptoms-menopause
40830,phoeby-narenthiran
41009,vaginal-dryness
41034,recurring-uti
41040,causes-of-thrush
41063,why-use-lubricant
40302,a-doctors-experience-of-sexual-health-rural-south-african-communities
41572,the-lowdown-on-pelvic-health
41624,contraception-and-cancer
41685,thrush-and-your-period
41913,why-are-my-breasts-sore
41921,hormonal-imbalance-signs-symptoms
41927,talking-to-your-partner-about-contraception
41938,thrush-or-sti
41945,untreated-bacterial-vaginosis
41952,bacterial-vaginosis-pregnancy
41967,what-is-vaginal-atrophy
41973,should-i-worry-about-heavy-periods
42066,grace-jessop
42056,dean-street-clinic
42050,menopause-and-anxiety
42170,bacterial-vaginosis-causes-treatment
42188,silvia-anie-akwetey
42201,sex-is-uncomfortable-but-not-painful
42216,lucy-rowett
42238,no-sex-drive-ruining-relationship
42270,the-pill-panic-attacks-anxiety
42276,does-alcohol-affect-the-pill
42094,burrell-street-clinic
42479,the-lowdown-live-2021
18707,why-is-my-period-late
17275,mirena-coil-menopause
19093,can-you-get-pregnant-on-the-implant
18489,bleeding-after-sex
17603,the-combined-pill-brands
29499,contraception-itchy-vagina
19726,mirena-vs-copper-coil
40698,d-mannose-vs-cranberry
42260,signs-your-boyfriend-doesnt-want-you-sexually
28222,whats-the-best-contraceptive-pill-for-acne
18573,ius-vs-iud
42435,hammersmith-broadway-clinic
44055,dani-conlon
44061,6-tips-for-overcoming-orgasm-anxiety
44140,what-are-the-different-types-of-lubricant
44166,the-dos-and-donts-of-using-lubricant
18628,choosing-the-best-contraceptive-pilll
44194,heavy-periods-and-stress
38127,how-to-insert-a-vaginal-ring
44200,heavy-periods-at-work
44353,the-lowdown-on-painful-sex
38003,does-dmannose-work-for-utis
19673,can-your-contraceptive-affect-your-mood
41522,the-pill-and-boobs
17083,coming-off-the-pill
27424,contraception-weight-gain-and-loss
28184,low-medium-and-high-oestrogen-pills-explained
18019,what-is-the-best-contraceptive-injection
29489,changing-time-taking-pill
29420,periods-pill-real-fake
44817,drovelis-combined-pill-explained
44969,buy-morning-after-pill-guide
44981,how-many-times-can-you-take-morning-after-pill
44990,which-morning-after-pill-is-best
45002,contraception-side-effects
45005,bleeding-spotting-morning-after-pill
45028,morning-after-pill-menstrual-cycle
45039,is-the-morning-after-pill-safe
45076,strike-updates
16542,morning-after-pill-guide
45580,slynd-pop-pill
45805,painful-sex-during-pregnancy
45851,the-lowdown-on-natural-cycles-and-the-oura-ring
46051,bethany-weatherhead
46058,danielle-robinson
46095,zaakira-mahomed
46107,microgynon-emergency-contraception
46267,yasmin-pill-breastfeeding
46309,hana-missed-pill-guide
46324,yasmin-emergency-contraception
46351,what-you-always-wanted-to-know-about-cervical-screening
46393,anoushka-menon
46517,hana-pill-cost
28005,where-can-i-buy-contraception
46672,cerelle-missed-pill-guide
46745,progestogen-only-contraception-and-breast-cancer
46801,can-microgynon-stop-periods
44283,alice-ectopic-pregnancy
46935,gynefix-everything-to-know
47056,can-you-get-pregnant-on-your-period
47143,morning-after-pill-while-breastfeeding
47327,microgynon-and-pcos
47358,best-contraceptives-rated-by-you
47919,microgynon-missed-pill-guide
48073,healthcare-professionals
48143,cerelle-endometriosis
48338,microgynon-for-pcos
48450,microgynon-breastfeeding
48970,pcos-fertility
48986,endometriosis-and-fertility
49043,what-does-endometriosis-feel-like
49311,enter-the-lowdown-x-bea-fertility-giveaway
49481,how-long-does-it-actually-take-to-get-pregnant
49563,perimenopause-faqs
49587,who-we-work-with
50579,perimenopause-hrt
50590,best-contraceptive-pill-perimenopause
50760,preparing-for-first-perimenopause-appointment
50804,the-lowdown-launches-perimenopause-hrt-reviews
51126,what-is-endometriosis
51300,anxiety-exhaustion-perimenopause
51337,what-is-pcos
51374,types-of-pcos
51335,best-treatments-endometriosis
51422,the-lowdowns-january-newsletter
51459,the-lowdowns-february-newsletter
51483,the-lowdowns-march-newsletter
51553,endometriosis-faqs
51616,endometriosis-bloating
51651,pcos-faqs
51659,pcos-treatments
51676,pcos-acne-treatment
51834,the-lowdowns-pharmacy-update-faqs
51867,progesterone-and-hrt
51899,pcos-inositol
51928,pcos-belly-bloating
51946,my-experience-primary-ovarian-insufficiency
51966,am-i-perimenopausal-30s
52002,remove-iud-at-home
52025,cerelle-pill-menopause
52047,endometriosis-pain-relief
52061,endometriosis-fatigue
52074,diahala-doucoure
52076,racial-disparity-endometriosis-diagnosis
52095,menopause-exercise
52107,perimenopause-trouble-sleeping
52161,perimenopause-symptom-checker
52174,nikki-ramskill
52186,eleanor-riches
52243,okorite-ephraim
52326,signs-hrt-not-working
52341,endometriosis-stages
52362,fatema-mustansir-dawoodbhoy
52376,metformin-for-pcos
52397,decidual-cast
52410,imogen-spector-hill
52426,how-long-does-menopause-last
52448,when-does-perimenopause-start
52472,how-long-does-hrt-take-to-work
52517,can-you-get-pregnant-during-perimenopause
52530,stopping-hrt
52543,how-to-increase-fertility
52558,samantha-ike
52512,helen-walker
52633,menopause-fatigue-tiredness
52713,what-are-fibroids
52728,fibroids-symptoms
52736,fibroids-treatments
52766,types-of-fibroids
52775,fibroids-pregnancy
52785,fibroids-after-menopause
52792,fibroids-vs-endometriosis
52942,jessica-frost
52959,jess-catchpole
52986,jessica-hobbis
52999,what-is-pms
53013,iud-brands
53048,how-to-use-condoms
53067,can-you-go-swimming-on-your-period
53088,signs-youre-losing-too-much-blood-during-period
53131,what-is-adenomyosis
53149,blood-clots-in-period
26912,the-lowdown-on-endometriosis__trashed
45502,this-is-your-blog-title__trashed
45487,slynd-pop-pill-explained__trashed
52568,__trashed
52570,test-2__trashed
52711,__trashed-2
